Open,High,Low,Close,Volume
100.49671415301123,101.37408722493917,98.13987860218428,99.08134341096081,289
100.35844985184005,101.09921846959425,99.55170189127392,99.9378045290747,604
101.00613838994074,101.70315413093601,99.70223330959006,100.66342387341398,290
102.52916824634876,103.23165233033588,100.82154033517108,101.72689097712714,607
102.29501487162543,102.65450602284518,101.93793802517011,102.13372915995942,468
102.06087791467625,102.75852061575529,101.99151661380108,102.46492877149079,508
103.64009073018364,106.33563778687268,103.53931272880622,105.52627663139417,923
104.40752545933655,105.39221666684757,104.389303633685,104.5821032721684,216
103.9380510734016,105.06267378270446,103.84360811264567,104.19560146412437,233
104.48061111698756,105.39385166954403,103.72315842780505,104.4061652012214,157
104.0171934241751,104.52853582303604,102.02723356041582,102.09842220887606,655
103.55146367060485,104.05297996529205,103.20597416486187,103.52494979515564,784
103.79342594217087,104.65195133107866,102.94855063120141,103.8536561521119,771
101.88014569751307,104.99335174077612,101.85687376177725,104.34338780999836,272
100.15522786500004,100.85719474225775,99.14839841762999,99.96286690021893,928
99.59294033575907,100.69028034752877,99.31108556098567,99.89448767809267,914
98.58010921542466,99.47011455724223,98.42723261809776,98.54539744571942,248
98.89435654801993,99.23235170487146,97.02894134503624,97.7256785104004,179
97.98633247249872,99.50473823965368,97.35738962571884,99.12915528701373,985
96.57402877116343,97.41994374369108,95.69655675763637,97.3259618038502,312
98.03967754008498,99.4089896281242,97.3046064962811,98.83070948712803,302
97.81390123959844,97.84984351339517,96.10103285441885,96.9045137848037,863
97.88142944428637,99.74982177335492,97.59939487171506,99.28422375522247,328
96.4566812580729,96.99932589278048,94.8773906515009,95.05483019528063,775
95.91229853354773,96.78569687947629,95.16168378190687,96.499155627348,326
96.02322112325758,98.80451000963657,95.21638638399033,98.21367674906756,758
94.87222754583529,94.90272779577434,92.89118607870392,93.8816912207046,631
95.24792556418096,95.28527375293018,94.26901015766677,94.6816278345782,540
94.64728687426215,95.56953880000944,94.27526878846936,94.74693823934979,501
94.35559312446888,94.71578376588015,93.07570450961069,93.85211747035268,146
93.75388651223948,93.88094702489136,91.86241954092033,92.20322308117335,332
95.60616469674842,96.19697093160926,94.67540737114486,95.67472767155445,404
95.59266747201049,96.3626610251091,93.67195100644138,94.53036375828438,625
94.53495654305459,95.22437000118661,94.10596251567958,95.00854897368977,242
95.35750145515777,95.98039193097678,93.68720615313248,94.43807722092397,514
94.13665780518676,95.77193967519807,93.38211493110208,95.6865922102043,612
94.3455214001915,94.3972031213601,93.45914423901932,93.56226810785526,472
92.38585127631173,92.91720590787988,91.16123685342649,92.06378976010605,665
91.05766522741331,92.41181756639308,90.55241285496545,91.87118244478297,985
91.25452646328243,91.89195636478064,89.19720468074074,90.02366214684848,358
91.99299304327783,92.94654431160463,91.67294344224722,92.22045297788196,755
92.1643613244678,94.44735615821277,91.2688380959716,93.47150407875023,570
92.04871304207957,92.56501339038077,90.05202812878417,90.44122980751834,111
91.74760934649028,92.25519967796383,91.73677169500998,91.93224320502259,429
90.26908735612285,91.32415634513998,89.36370537970359,90.52897015037128,835
89.54924314772813,90.60189827076752,89.457956470942,90.33106601950544,883
89.08860437676836,89.527575797474,87.53234002829987,87.85165366589028,457
90.14572660298727,90.22418298432953,87.87520802285219,88.82526998990299,507
90.48934489255574,91.03663720158809,89.53873774561818,91.01128645817263,767
88.72630473719299,89.9859378251041,88.15286684906971,89.02328941042617,472
89.0503887065878,90.13686167744588,88.418551494418,89.30088155693367,107
88.66530642617147,89.70772884176213,88.21686090419315,89.01175463566844,221
87.98838442586552,88.39733737027979,87.01514893258896,87.30835970428703,447
88.60006071470639,89.00560873193824,88.27139616933647,88.83231441186739,775
89.63106023720233,90.0805697531721,88.95854178112529,89.92413271050101,189
90.56234035631853,90.81258325448313,89.09561440885449,89.84798893829216,747
89.7231228330959,92.13812400894678,88.93154378937005,91.58889734424065,797
89.41391045724468,90.60233930085653,88.62429231445013,89.88774337815647,415
89.74517388864824,90.40537126536597,88.4626642883969,88.55387039144559,277
90.7207190157706,91.65720652135037,90.22629871106801,91.37727262440443,639
90.24154477792531,91.19641005858851,89.20930434768134,89.26686310769799,831
90.0558858012615,91.58086732169973,89.50635691893775,90.84297040500395,968
88.94955082725546,90.66250045877428,88.50802032588209,90.10814640626288,140
87.7533442031748,88.36506494940916,86.04495770206479,86.93266188482309,839
88.565870025569,89.94884621724111,88.21495501301692,89.52924615481332,803
89.92211005413982,90.58262197057748,89.80504303771221,90.33489098107631,601
89.85009993255949,91.02813277120524,89.70710825050665,90.67216009255398,244
90.85363283045152,93.50827192356984,90.09212219873405,92.75042581310547,300
91.21526885549915,91.2296623441289,90.35166267618001,90.96988073949628,823
90.57014910089401,90.68622174140093,89.71529026041374,89.81641293653652,560
90.93154470640243,90.97754734842418,89.95792347066191,90.04203027677691,831
92.4695812728684,92.51031007518736,90.95280185644384,91.65377098790296,851
92.43375523375845,93.28921581776946,92.28389051798014,92.35665352434434,657
93.99839888957246,95.04320872376913,93.1765388302821,94.3395508643891,646
91.37865378548271,92.12951841390004,90.67241155832622,91.65534458481272,352
92.20055628985793,93.12557369954496,92.11920750921603,93.02773953889395,489
92.2876033580961,92.79222112509085,92.20276564401091,92.30060524997401,693
91.98859600763024,93.91560185556811,91.00195642912907,93.44213008478755,982
92.08035678416574,92.25355865407576,91.44142915517168,91.8156999509278,355
90.09278786956484,93.24680868539244,89.72214572249796,92.81295703615446,808
89.87311598172734,90.89728806388972,89.06031641446984,90.49878332949234,914
90.23022855323909,90.84607865129131,88.42582241943894,89.3730709968228,549
91.7081225979806,92.34321624884825,89.65122903609662,90.63723009991949,109
91.18985237970695,91.71762880472217,90.43647419444801,91.67232479495013,923
90.38135877681377,90.75597139144024,89.781636405957,90.15789599148792,897
89.87960173322922,91.21946214303554,89.79610101653056,90.59360222732131,341
90.7950038509313,91.77137773408492,90.01785693500386,91.26824147550484,350
91.12375496059099,91.9802448017793,90.49252179819831,91.05092604793411,976
90.59399475682395,91.25268838844289,89.32297902950856,89.74720103875553,104
91.1072621899373,91.27019661701873,88.6860605801567,89.59241496525144,218
91.20433973928534,91.27490848668577,90.64662730491217,90.75782478721833,900
92.17298472981824,93.67180280234803,91.68035962552737,93.0293835241417,473
91.47093163594087,91.7115366906127,91.45957799117345,91.68502538007108,164
91.14326948934311,91.72904507061658,89.42887006863701,89.89753071063113,245
90.75116133621096,91.8645725034871,90.69485806052911,90.92434226206214,323
89.28764638807883,90.24843794568353,89.16882847181076,89.67296376780766,338
89.58376666514341,89.97193659134993,88.58238298216517,88.69990922894227,276
89.8448219373233,90.64183526171118,89.19561163520724,89.99854704326883,878
89.84993539396577,90.36639700290328,89.10389051470034,89.90814411241176,952
89.61534826059061,90.16096504990654,87.88900919766282,88.47237796275998,381
